Unnamed: 0,Id,LLM,role_shorten,story,Implied ethical needs,nfr_type,label
A2,US5,O1-mini,administrator,"As a school administrator, I want to monitor overall aggression data across the school, so I can develop policies to enhance safety.",,,No
A36,US6,O1-mini,city planner,"As an urban planner, I want to use classified vehicle data from wireless sensor networks, so that I can make informed decisions on infrastructure development and traffic management.",,,No
A14,US2,Llama,analyst,"As a data analyst, I want to use machine learning algorithms such as XGboost and random forest to predict ridership of taxis and Uber combined in NYC, given a time window of one hour and location within zip-code areas, so that I can provide insights to stakeholders on transportation demand.",,,No
A1,US4,Gemini,visually impaired person,"As a blind or visually impaired person, I want an AV that can safely navigate me around town, giving me greater independence.",,,No
A20,US9,Llama,public health official,"As a public health official, I want to use machine learning models to identify high-risk individuals for drug abuse so that I can target prevention and intervention efforts effectively.",,,No
A42,US6,O1-mini,healthcare provider,"As a healthcare provider, I want data-driven placement of vaccination sites, so that I can see higher vaccination rates in targeted areas and better protect my patients from COVID-19.",,,No
A9,US3,Llama,researcher,"As a researcher, I want to develop a predictive method for heart disease diagnosis using a combination of unsupervised and supervised learning techniques, including Principal Component Analysis (PCA) and Self-Organizing Map.",,,No
A24,US3,Gemini,librarian,"As a librarian, I want to provide my users with a powerful tool to explore the academic landscape and discover new research areas.",,,No
A10,US1,Llama,person,"As a person with diabetes, I want to use an automatic prediction model that can warn me of imminent changes in my blood glucose levels, so that I can take preventive action to avoid serious complications.",,,No
A31,US8,O1-mini,policymaker,"As a content creator, I want to identify and manage advertisements on my website, so that I can maintain control over my content and revenue streams.",,,No
A37,US1,Gemini,sports fan,"As a casual sports fan, I want to participate in fantasy sports but feel overwhelmed by the amount of information and player choices. I want a platform that uses data and analytics to help me make informed decisions about which players to select for my team.",,,No
A22,US7,Llama,client,"As a client, I want the assessment framework to not only use current information about the freelancer but also utilize their past job performance so that I can get a more accurate picture of their abilities.",,,No
A8,US2,Llama,analyst,"As a ficial analyst, I want to apply anomaly detection techniques to transactional data to identify fraudulent activities and prevent ficial losses.",,,No
A29,US9,Llama,data scientist,"As a data scientist, I want to evaluate the performance of the census matching technique on a specific dataset, such as linking children to their adult selves, so that I can refine the methodology and improve its accuracy.",,,No
A4,US7,Llama,policymaker,"As a policy-maker, I want to develop cooperative frameworks and guidelines for the responsible development and use of AI-powered drones, so that I can minimize risks and promote ethical behavior.",Non-maleficence(Security) - Responsibility,,No
A16,US5,Gemini,developer,"As a developer of medical devices, I want to explore the potential of integrating this technology into wearable devices for continuous monitoring of newborns.",,,No
A32,US4,O1-mini,product manager,"As a product manager for an opinion analysis platform, I want to incorporate Transformer-based architectures with multi-task learning, so that our tool can provide state-of-the-art stance detection capabilities to users.",,,No
A31,US4,Gemini,parent,"As a parent, I want to use tools to control the type of advertisements my children see online, protecting them from inappropriate content and promoting responsible internet use.",Non-maleficence(Safety),,No
A23,US1,Gemini,researcher,"As a researcher studying search engine algorithms, I want to understand how different search engines prioritize and rank content, including potential biases and favoritism.",Justice/fairness - Transparency ,,No
A26,US6,O1-mini,machine learning engineer,"As a machine learning engineer, I want to develop a reference-based Seq2Seq model with aspect-planning, so that the system can generate justifications that address multiple facets of user preferences.",,,No
A40,US5,Gemini,developer,"As a software developer working on social networking platforms, I need to understand the techniques and data used to train the anomaly model so that I can implement similar security measures in other online environments.",,,No
A14,US3,Gemini,manager,"As a taxi company manager, I want the system to forecast future ridership trends to optimize fleet size and deployment strategies.",,,No
A24,US5,Llama,researcher,"As a researcher, I want to be able to search for people with specific expertise or areas of interest, so that I can identify potential collaborators or mentors.",,,No
A28,US3,O1-mini,data scientist,"As a data scientist, I want to apply SMOTE oversampling to the speed dating dataset, so that I can address class imbalance and improve the reliability of match predictions.",,,No
A36,US8,Llama,manager,"As a traffic manager, I want to use a vehicle classification system to monitor and manage traffic flow, so that I can reduce congestion and improve traffic safety.",Non-maleficence(Safety) -  Beneficence,,No
A7,US7,Llama,teacher,"As a teacher, I want to use a mental health monitoring tool to identify students who may be at risk of mental health problems, enabling early intervention and support.",,,No
A32,US1,Llama,analyst,"As a social media analyst, I want to automatically analyze opinions and attitudes expressed in text on social media platforms so that I can quickly identify trends and sentiments.",,,No
A27,US1,O1-mini,developer,"As a recommendation system developer, I want to implement an RNN-based approach for session-based recommendations, so that I can provide more accurate suggestions for users with short interaction histories.",,,No
A20,US6,O1-mini,researcher,"As a researcher, I want to analyze the influence of the Big Five personality traits on drug abuse, so that I can contribute to the academic understanding of addiction behaviors.",,,No
A30,US9,O1-mini,advocate,"As a public safety advocate, I want to understand the factors that contribute to recidivism, so that I can promote community programs that address these underlying issues.",Transparency,,No
A31,US3,Gemini,researcher,"As a cybersecurity researcher, I want to analyze the features of online advertisements to develop tools for detecting malicious or misleading ads that could be used for phishing or other attacks.",,,No
A15,US9,Gemini,citizen,"As a citizen concerned about income inequality, I want to see the results of machine learning models used to inform policy decisions and promote economic justice.",,,No
A33,US8,Llama,developer,"As a developer, I want to design a system that can automatically infer event schemas from news articles, so that I can provide more accurate and relevant search results.",,,No
A19,US3,Gemini,financial advisor,"As a financial advisor, I want to use credit card default prediction models to help my clients make informed decisions about their credit card usage and avoid potential financial difficulties.",,,No
A27,US7,Llama,developer,"As a developer, I want to evaluate the performance of RNN-based approaches for session-based recommendations on real-world datasets, to see if they can outperform traditional methods.",,,No
A10,US2,O1-mini,endocrinologist,"As an endocrinologist, I want access to my patients' predicted blood glucose trends, so I can adjust their treatment plans proactively.",,,No
A31,US6,O1-mini,advocate,"As a privacy advocate, I want to utilize advertisement identification techniques, so that I can help users reduce unwanted tracking and protect their online privacy.",Privacy,,No
A2,US7,Gemini,healthcare provider,"As a healthcare provider working with children with ADHD, I want a tool that can differentiate between ADHD-related hyperactivity and physical aggression so that I can provide the most appropriate treatment.",,,No
A14,US4,Gemini,researcher,"As a researcher, I want to access the system's data and models to understand the factors influencing spatiotemporal distribution of taxi and ride-hailing demand (e.g., time of day, borough, special events).",,,No
A26,US8,Gemini,policymaker,"As a content creator on a social media platform, I want to use justifications to explain why I recommend certain content to my followers, fostering transparency and engagement.",Transparency,,No
A8,US2,Gemini,caregiver,"As a caregiver monitoring a patient remotely, I want a clear visualization of the patient's health data with anomalies highlighted for quick intervention.",,,No
A33,US3,Llama,researcher,"As a researcher, I want to develop a method that can automatically annotate news articles with semantic information, so that I can improve the discoverability and searchability of news content.",,,No
A6,US10,Llama,regulator,"As a regulatory body, I want to establish standards and guidelines for the development and testing of personalized ADAS to ensure their safety and effectiveness on public roads.",Non-maleficence(Safety) - Responsibility,,No
A24,US1,O1-mini,researcher,"As a researcher, I want automated extraction of my profile from the Web, so that my academic information is accurately represented in the ArnetMiner system.",,,No
A37,US6,Gemini,developer,"As a fantasy sports platform developer, I want to leverage data science and statistical analysis to provide users with the most accurate and valuable player projections and recommendations.",,,No
A31,US7,O1-mini,data scientist,"As a data scientist, I want to analyze and refine ad prediction approaches, so that I can develop more accurate and efficient methods for identifying advertisements on web pages.",,,No
A29,US9,O1-mini,researcher,"As an academic researcher, I want to replicate the census matching technique in different historical contexts, so that I can apply it to a variety of studies on assimilation and educational returns.",,,No
A42,US1,O1-mini,public health official,"As a Virginia public health official, I want a data-driven model that recommends optimal locations for mobile vaccination sites, so that I can effectively target and increase vaccination rates in under-vaccinated populations.",,,No
A12,US8,Llama,community leader,"As a community leader, I want to use the FVVI to fill gaps in currently available firearm violence data and identify areas of focus for prevention programs, such as social or environmental factors.",,,No
A20,US8,Llama,psychologist,"As a psychologist, I want to explore the relationship between sensation seeking and drug abuse so that I can develop strategies to redirect sensation seekers towards healthier behaviors.",,,No
A27,US9,Llama,developer,"As a developer, I want to explore the use of RNNs in recommender systems to capture the sequential dependencies between user interactions and to improve the accuracy of recommendations.",,,No
A19,US9,Llama,manager,"As a credit risk manager, I want to use data analytics to identify high-risk customer segments and develop targeted interventions to reduce default rates and improve credit quality.",,,No
A30,US10,O1-mini,legal professional,"As a legal advisor, I want to utilize predictive models to assess the risk of recidivism for clients, so that I can provide informed recommendations during parole hearings and sentencing.",,,No
A18,US10,Llama,administrator,"As a healthcare administrator, I want to implement a computer-aided diagnosis system that can be used for early diagnosis and treatment of diseases in a clinical environment, so that I can improve patient outcomes and reduce healthcare costs.",Beneficence,,No
A36,US5,O1-mini,developer,"As a system developer, I want to replicate the data collection and preprocessing procedures detailed in the study, so that I can build a similar vehicle classification system for my project.",,,No
A37,US2,Gemini,player,"As a seasoned fantasy sports player, I want to go beyond basic statistics and gain deeper insights into player performance and potential. I want a platform that uses advanced analytics to identify undervalued players and make strategic team decisions.",,,No
A9,US10,O1-mini,instructor,"As a medical educator, I want to use the predictive system as a teaching tool, so that students can learn about the application of machine learning techniques in disease diagnosis and understand the trade-offs between computation time and accuracy.",,,No
A22,US8,O1-mini,manager,"As a marketing manager for the platform, I want to promote the new assessment framework, so that we can attract both high-quality freelancers and discerning clients seeking reliable hiring tools.",,,No
A39,US1,O1-mini,music enthusiast,"As a music curator, I want to use a machine learning model to predict playlist success, so that I can create more engaging and popular playlists for listeners.",,,No
A36,US8,O1-mini,analyst,"As a security analyst, I want to classify types of moving vehicles in real-time, so that I can enhance surveillance and identify suspicious activities efficiently.",,,No
A24,US4,O1-mini,modeler,"As an academic network modeler, I want to simultaneously model topics, authors, and publication venues, so that the system accurately reflects the relationships within the academic community.",,,No
A20,US2,O1-mini,data scientist,"As a data scientist, I want to apply logistic regression, decision tree, and random forest algorithms to drug consumption data, so that I can identify the most accurate model for predicting drug abuse.",,,No
A28,US7,Gemini,psychologist,"As a psychologist studying dating and relationships, I want to understand how the proposed recommender system based on speed dating data compares to traditional online dating algorithms.",Transparency,,No
A39,US1,Gemini,music enthusiast,"As a music enthusiast, I want to create playlists that resonate with a wider audience and gain popularity. I want a tool that can predict the success of my playlists based on musical characteristics, allowing me to refine my curation and increase engagement.",,,No
A1,US7,O1-mini,environmentalist,"As an environmental advocate, I want the AV to reduce emissions through AI-optimized routes, so that it contributes to a cleaner environment.",Sustainability,,No
A31,US3,Llama,developer,"As a developer, I want to create a system that can predict the presence of advertisements on internet pages, so that I can help users avoid unwanted content.",,,No
A15,US9,O1-mini,researcher,"As a researcher in economic justice, I want to explore the relationship between lifestyle factors and income levels using data mining techniques, so that I can contribute to understanding and addressing pay uniformity issues.",,,No
A2,US6,Gemini,child,"As a child with a history of aggression, I want a wearable device that helps me and my parents monitor my activity levels and receive alerts when aggressive behavior might be escalating.",Beneficence,,No
A16,US8,Llama,researcher,"As a researcher, I want to investigate the usefulness of information at different levels within cry audio signals, so that I can develop a deeper understanding of the relationship between cry patterns and infant health.",Transparency,,No
A15,US6,Llama,non-profit organization,"As a non-profit organization, I want to use machine learning models to identify areas of high poverty and develop targeted interventions to reduce poverty and inequality.",,,No
A33,US1,O1-mini,journalist,"As a journalist, I want semantic annotations of news articles, so that I can easily reference contextual backgrounds and compare current events with past similar occurrences.",,,No
A42,US6,Gemini,public health official,"As a public health communications specialist, I want to use the model's insights to develop targeted outreach campaigns that encourage vaccination among hesitant groups in specific locations.",,,No
A12,US4,Gemini,researcher,"As a researcher, I want to be able to analyze the FVVI model and identify the population characteristics that have the strongest impact on firearm violence prediction.",,,No
A31,US8,Gemini,advocate,"As a privacy advocate, I want to understand how online advertisements track user behavior and be able to control the data collected about me for advertising purposes.",Transparency ,,No
