Unnamed: 0,Id,LLM,role_shorten,story,Implied ethical needs,nfr_type,label
A3,US5,O1-mini,user,"As a user, I want aggressive content to be minimized on my Twitter feed, so my online experience is safer and more positive.",,,No
A9,US10,Llama,developer,"As a system developer, I want to design and implement a clinical decision support system that can adapt to new data and changing patterns in medical datasets, ensuring that it remains accurate and effective over time.",,Adaptability -  Accuracy -  Maintainability - Retrainability,Yes
A1,US9,Llama,regulator,"As a regulator, I want to ensure that Autonomous Vehicles (AVs) meet the highest safety standards and are tested rigorously to minimize risk, so that I can protect the public and ensure a safe and reliable transportation system.",Non-maleficence(Safety) - Responsibility,Safety - Testability,Yes
A17,US8,O1-mini,clinical trial coordinator,"As a clinical trial coordinator, I want to evaluate the systemâ€™s sensitivity and specificity, so that I can validate its effectiveness in predicting apnea and hypopnea episodes.",,Testability - Performance,Yes
A42,US1,Llama,researcher,"As a public health official, I want to visualize the vaccination rates across different demographic groups in Virginia so that I can identify areas with low vaccination rates.",,,No
A19,US10,O1-mini,manager,"As a product manager, I want to leverage the high accuracy of the random forest model, so that I can develop reliable credit risk assessment tools that enhance the bankâ€™s financial stability.",,Accuracy - Reliability,Yes
A19,US6,Gemini,regulator,"As a regulator of the financial industry, I want to ensure that credit card default prediction models are used responsibly and ethically, preventing discrimination and protecting consumer privacy.",Justice/fairness - Privacy - Responsibility,Fairness - Privacy - Security,Yes
A18,US6,Llama,researcher,"As a researcher, I want to compare the area under the curve (AUC) between different CNN models to determine the most accurate method for classifying TB disease, so that I can improve the performance of the system.",,Accuracy - Testability - Performance,Yes
A10,US9,Llama,researcher,"As a researcher, I want to improve the precision of the predictive model, so that I can increase the confidence of patients and healthcare professionals in the system.",Trust,Accuracy,Yes
A25,US9,Gemini,global citizen,"As a global citizen, I want to see online platforms use technology responsibly to recommend products that are relevant to users' actual interests and needs, avoiding intrusive or manipulative tactics.",Non-maleficence -  Responsibility,,No
A27,US8,O1-mini,strategist,"As a marketing strategist, I want to use more accurate session-based recommendations, so that I can tailor promotional campaigns to individual user behaviors and preferences.",,,No
A2,US1,Llama,researcher,"As a researcher, I want to develop an objective method to track physical-aggressive incidents in children, so that I can identify early warning signs and provide timely interventions.",Beneficence,,No
A5,US8,O1-mini,officer,"As a security officer, I want the GoCart to have secure access controls, so sensitive deliveries are protected from unauthorized access.",Security,Security,Yes
A2,US3,Llama,healthcare provider,"As a clinician, I want to use wearable-sensor-derived physical activity data to identify patterns that distinguish physical-aggressive incidents in children, so that I can develop targeted treatments and interventions.",,,No
A16,US6,O1-mini,healthcare provider,"As a healthcare provider, I want the NCDS to operate non-invasively, so that newborns are not subjected to uncomfortable or risky diagnostic procedures.",Non-maleficence,,No
A33,US5,Gemini,developer,"As a developer of news aggregators or search engines, I want to integrate semantic annotations into my platform to provide users with a more comprehensive and nuanced understanding of news content.",,,No
A37,US4,Llama,player,"As a fantasy sports player, I want to access actionable insights generated through statistical analysis and data science, so that I can make informed decisions quickly.",,Interpretability -  Efficiency,Yes
A7,US4,Gemini,parent,"As a parent or guardian concerned about a child's mental well-being, I want age-appropriate resources and clear guidance based on the machine learning prediction.",Transparency,Usability,Yes
A34,US6,Llama,developer,"As a developer, I want to optimize the network parameters and topology of DNNs for IDS, so that I can improve the accuracy and efficiency of threat detection.",,Accuracy -  Efficiency,Yes
A16,US8,Gemini,advocate,"As an advocate for newborn health, I want to see this system implemented in hospitals and clinics around the world to improve early detection and treatment of health problems in newborns.",,,No
A33,US3,Gemini,consumer,"As a news consumer, I want to be able to search for news articles based on specific events, locations, and people involved, rather than just relying on keywords.",,,No
A38,US2,O1-mini,HR specialist,"As an HR manager, I want to evaluate candidates' personalities through an online MCQ test, so that I can ensure their fit within the organizational culture.",,,No
A39,US3,Gemini,music streaming service provider,"As a music streaming platform, I want to leverage machine learning to recommend personalized playlists to users based on their preferences and predicted success of the playlists. This will enhance user experience and satisfaction, leading to increased engagement and platform loyalty.",,,No
A34,US6,O1-mini,cybersecurity expert,"As a cybersecurity team leader, I want comprehensive evaluations of DNNs and classical classifiers across various benchmark datasets, so that I can select the best algorithm for our organization's intrusion detection needs.",,Testability -  Performance,Yes
A41,US1,Llama,researcher,"As a researcher in the field of multimedia, I want to access a large-scale ontology of food images to develop advanced food recognition algorithms, so that I can improve the accuracy of diet management and self-service restaurant applications.",,Completeness,Yes
A34,US8,Llama,security professional,"As a security professional, I want to stay informed about the latest developments in IDS technology, so that I can continuously improve our defense strategies against evolving cyber threats.",,,No
A15,US10,Llama,economist,"As an economist, I want to use machine learning models to analyze the impact of economic policies on income inequality and poverty rates, so that I can inform evidence-based policy decisions.",,Transparency,Yes
A39,US7,Gemini,developer,"As a technology developer, I want to build user-friendly tools that integrate machine learning models for playlist success prediction. This can empower music creators and curators to make data-driven decisions and optimize their playlists for wider reach and impact.",,Usability - Interoperability,Yes
A24,US8,Llama,administrator,"As a system administrator, I want to ensure that the system can handle a large volume of data and scale to accommodate a growing number of users, so that I can provide a reliable and efficient service.",,Scalability -  Performance -  Reliability -  Efficiency,Yes
A8,US1,Llama,cybersecurity expert,"As a cybersecurity expert, I want to use machine learning techniques to detect anomalies in network traffic to identify potential security threats and prevent intrusions.",,,No
A7,US6,O1-mini,developer,"As a developer, I want to integrate multiple machine learning models into the mental health prediction system, so it can accurately identify different mental health conditions.",,Accuracy - Interoperability,Yes
A11,US3,Llama,developer,"As a developer, I want to be able to modify the architectural design of the digital twin model (e.g., switch from pix2pix to CycleGAN) so that I can experiment with different architectures and evaluate their impact on performance.",,,No
A36,US7,O1-mini,quality assurance specialist,"As a quality assurance specialist, I want to evaluate the baseline classification results using the maximum likelihood classifier, so that I can benchmark the performance of new classification models.",,Testability,Yes
A39,US3,O1-mini,data scientist,"As a data scientist, I want to analyze various musical characteristics of songs, so that I can improve the accuracy of our playlist success prediction model.",,,No
A11,US4,Gemini,researcher,"As a researcher, I want to explore the impact of different printing and imaging devices on CDP patterns using the platform's image-to-image translation capabilities.",,,No
A34,US9,Llama,data scientist,"As a data scientist, I want to contribute to the systematic updating and benchmarking of publicly available malware datasets, so that I can promote collaboration and knowledge sharing in the field of intrusion detection.",,,No
A8,US7,O1-mini,developer,"As a software developer, I want to implement scalable K-means and K-medoids clustering algorithms, so the system can handle increasing amounts of sensor data efficiently.",,Scalability -  Efficiency,Yes
A41,US3,O1-mini,restaurant operator,"As a self-service restaurant operator, I want to implement a robust food recognition system, so that customers can easily identify and select menu items through image-based interfaces.",,Usability,Yes
A32,US3,Gemini,journalist,"As a journalist, I want the system to help me verify the credibility of sources and identify potential bias in news articles and online content.",Justice/fairness,,No
A9,US5,Llama,analyst,"As a data analyst, I want to use imputation techniques to handle missing values in medical datasets, ensuring that the data is complete and accurate for analysis.",,Accuracy -  Completeness,Yes
A42,US2,Gemini,community leader,"As a community leader in a rural area with low vaccination rates, I want to advocate for mobile vaccination clinics to be placed in areas where they are most likely to be used by residents.",,,No
A35,US4,O1-mini,analyst,"As a business analyst, I want weekly aggregated sales data, so that I can identify trends and make informed decisions based on the most useful time intervals.",,,No
A2,US6,Llama,developer,"As a developer, I want to design a wearable device (e.g., waist-worn activity monitor) that can track physical activity data in children and transmit it to a remote server for analysis, so that I can enable remote monitoring and detection of physical-aggressive incidents.",,,No
A17,US10,O1-mini,quality assurance specialist,"As a quality assurance specialist, I want to monitor the prediction systemâ€™s performance metrics, so that I can ensure its reliability and accuracy in clinical settings.",,Reliability - Accuracy - Performance,Yes
A25,US3,Gemini,data scientist,"As a data scientist, I want a recommendation algorithm that can leverage various user data points beyond purchases and ratings, such as viewed items and demographics.",,,No
A37,US10,O1-mini,researcher,"As a researcher, I want to analyze the effectiveness of statistical and analytical tools in reducing favoritism bias, so that I can contribute to the development of more objective fantasy sports strategies.",Justice/fairness,,No
A26,US6,Llama,developer,"As a developer, I want to design a reference-based Seq2Seq model with aspect-planning that can generate justifications covering different aspects of a product, so that customers can see multiple perspectives.",,Completeness,Yes
A41,US2,O1-mini,developer,"As a diet management app developer, I want to integrate a comprehensive food recognition system, so that users can accurately track their food intake using images.",,,No
A7,US6,Gemini,user,"As a user of the mental health prediction tool, I want to be informed about the limitations of the tool and understand that it's not a replacement for professional diagnosis.",Transparency,Explainability - Interpretability,Yes
A40,US5,O1-mini,developer,"As a software developer, I want to develop real-time monitoring systems that detect sudden changes in user login behavior, so that I can provide immediate protection against account compromises.",,Performance,Yes
